{"frames":{"Jurassic Jog MC0.png":{"frame":{"x":0,"y":0,"w":50,"h":50},"rotated":false,"trimmed":false,"spriteSourceSize":{"x":0,"y":0,"w":50,"h":50},"sourceSize":{"w":50,"h":50}},"Jurassic Jog MC1.png":{"frame":{"x":50,"y":0,"w":50,"h":50},"rotated":false,"trimmed":false,"spriteSourceSize":{"x":0,"y":0,"w":50,"h":50},"sourceSize":{"w":50,"h":50}},"Jurassic Jog MC2.png":{"frame":{"x":100,"y":0,"w":50,"h":50},"rotated":false,"trimmed":false,"spriteSourceSize":{"x":0,"y":0,"w":50,"h":50},"sourceSize":{"w":50,"h":50}},"Jurassic Jog MC3.png":{"frame":{"x":0,"y":50,"w":50,"h":50},"rotated":false,"trimmed":false,"spriteSourceSize":{"x":0,"y":0,"w":50,"h":50},"sourceSize":{"w":50,"h":50}}},"meta":{"app":"https://github.com/piskelapp/piskel/","version":"1.0","image":"Jurassic Jog MC.png","format":"RGBA8888","size":{"w":150,"h":100}}}