{"frames":{"Pterodactyl0.png":{"frame":{"x":0,"y":0,"w":50,"h":50},"rotated":false,"trimmed":false,"spriteSourceSize":{"x":0,"y":0,"w":50,"h":50},"sourceSize":{"w":50,"h":50}},"Pterodactyl1.png":{"frame":{"x":50,"y":0,"w":50,"h":50},"rotated":false,"trimmed":false,"spriteSourceSize":{"x":0,"y":0,"w":50,"h":50},"sourceSize":{"w":50,"h":50}},"Pterodactyl2.png":{"frame":{"x":100,"y":0,"w":50,"h":50},"rotated":false,"trimmed":false,"spriteSourceSize":{"x":0,"y":0,"w":50,"h":50},"sourceSize":{"w":50,"h":50}}},"meta":{"app":"https://github.com/piskelapp/piskel/","version":"1.0","image":"Pterodactyl.png","format":"RGBA8888","size":{"w":150,"h":50}}}